{
    "type": "object", 
    "properties": {
        "_key": {
            "type": "string"
        }, 
        "_rev": {
            "type": "string"
        }, 
        "idAsignacion": {
            "type": "number"
        }, 
        "fechaInicio": {
            "type": "string", 
            "format": "date"
        }, 
        "placa": {
            "type": "number"
        }, 
        "sumarios": {
            "items": {
                "type": "object", 
                "properties": {
                    "resultado": {
                        "type": "string"
                    }, 
                    "fecha": {
                        "type": "string", 
                        "format": "date"
                    }, 
                    "idAsignacion": {
                        "type": "number"
                    }, 
                    "placa": {
                        "type": "number"
                    }, 
                    "idSumario": {
                        "type": "number"
                    }, 
                    "observacion": {
                        "type": "string"
                    }, 
                    "estadoSumario": {
                        "type": "object", 
                        "properties": {
                            "idEstadoSumario": {
                                "type": "number"
                            }, 
                            "estado": {
                                "type": "string"
                            }
                        }
                    }
                }
            }, 
            "type": "array"
        }, 
        "_id": {
            "type": "string"
        }, 
        "designacion": {
            "type": "object", 
            "properties": {
                "idDesignacion": {
                    "type": "number"
                }, 
                "nombre": {
                    "type": "string"
                }
            }
        }
    }
}
