{
    "type": "object", 
    "properties": {
        "archienemigos_ids": {
            "items": {
                "type": "number"
            }, 
            "type": "array"
        }, 
        "apellido": {
            "type": "string"
        }, 
        "_key": {
            "type": "string"
        }, 
        "_rev": {
            "type": "string"
        }, 
        "dni": {
            "type": "number"
        }, 
        "contactos_ids": {
            "items": {
                "type": "number"
            }, 
            "type": "array"
        }, 
        "direcciones_ids": {
            "items": {
                "type": "number"
            }, 
            "type": "array"
        }, 
        "mafias_ids": {
            "items": {
                "type": "number"
            }, 
            "type": "array"
        }, 
        "nombre": {
            "type": "string"
        }, 
        "_id": {
            "type": "string"
        }
    }
}
