{
    "type": "object", 
    "properties": {
        "idDireccion": {
            "type": "number"
        }, 
        "civiles_ids": {
            "items": {
                "type": "number"
            }, 
            "type": "array"
        }, 
        "_key": {
            "type": "string"
        }, 
        "_rev": {
            "type": "string"
        }, 
        "incidentes_ids": {
            "items": {
                "type": "number"
            }, 
            "type": "array"
        }, 
        "calle": {
            "type": "string"
        }, 
        "_id": {
            "type": "string"
        }, 
        "barrio": {
            "type": "object", 
            "properties": {
                "nombre": {
                    "type": "string"
                }, 
                "idBarrio": {
                    "type": "number"
                }
            }
        }, 
        "altura": {
            "type": "number"
        }
    }
}
