{
    "type": "object", 
    "properties": {
        "seguimientos": {
            "items": {
                "type": "object", 
                "properties": {
                    "fecha": {
                        "type": "string", 
                        "format": "date"
                    }, 
                    "estadoSegumiento": {
                        "type": "object", 
                        "properties": {
                            "idEstadoSeguimiento": {
                                "type": "number"
                            }, 
                            "estado": {
                                "type": "string"
                            }
                        }
                    }, 
                    "placa": null, 
                    "idIncidente": {
                        "type": "number"
                    }, 
                    "numero": {
                        "type": "number"
                    }, 
                    "descripcion": {
                        "type": "string"
                    }, 
                    "conclusion": {
                        "type": "string"
                    }
                }
            }, 
            "type": "array"
        }, 
        "tipoIncidente": {
            "type": "object", 
            "properties": {
                "nombre": {
                    "type": "string"
                }, 
                "idTipoInicidente": {
                    "type": "number"
                }
            }
        }, 
        "_rev": {
            "type": "string"
        }, 
        "direccion": {
            "type": "object", 
            "properties": {
                "idDireccion": {
                    "type": "number"
                }, 
                "calle": {
                    "type": "string"
                }, 
                "barrio": {
                    "type": "object", 
                    "properties": {
                        "nombre": {
                            "type": "string"
                        }, 
                        "idBarrio": {
                            "type": "number"
                        }
                    }
                }, 
                "altura": {
                    "type": "number"
                }
            }
        }, 
        "idIncidente": {
            "type": "number"
        }, 
        "fecha": {
            "type": "string", 
            "format": "date"
        }, 
        "calle_2": {
            "type": "string"
        }, 
        "calle_1": {
            "type": "string"
        }, 
        "_id": {
            "type": "string"
        }, 
        "_key": {
            "type": "string"
        }, 
        "superheroes": {
            "items": {
                "type": "object", 
                "properties": {
                    "nombre": {
                        "type": "string"
                    }, 
                    "idSuperHeroe": {
                        "type": "number"
                    }
                }
            }, 
            "type": "array"
        }
    }
}
