{
    "type": "object", 
    "properties": {
        "idRolCivil": {
            "type": "number"
        }, 
        "_key": {
            "type": "string"
        }, 
        "_rev": {
            "type": "string"
        }, 
        "dni": {
            "type": "number"
        }, 
        "incidentes": {
            "items": {
                "type": "object", 
                "properties": {
                    "tipoIncidente": {
                        "type": "object", 
                        "properties": {
                            "nombre": {
                                "type": "string"
                            }, 
                            "idTipoInicidente": {
                                "type": "number"
                            }
                        }
                    }, 
                    "fecha": {
                        "type": "string", 
                        "format": "date"
                    }, 
                    "direccion": {
                        "type": "object", 
                        "properties": {
                            "calle": {
                                "type": "string"
                            }, 
                            "idDireccion": {
                                "type": "number"
                            }, 
                            "barrio": {
                                "type": "object", 
                                "properties": {
                                    "nombre": {
                                        "type": "string"
                                    }, 
                                    "idBarrio": {
                                        "type": "number"
                                    }
                                }
                            }, 
                            "altura": {
                                "type": "number"
                            }
                        }
                    }, 
                    "idIncidente": {
                        "type": "number"
                    }, 
                    "calle_2": {
                        "type": "string"
                    }, 
                    "calle_1": {
                        "type": "string"
                    }
                }
            }, 
            "type": "array"
        }, 
        "_id": {
            "type": "string"
        }
    }
}
