{
    "type": "object", 
    "properties": {
        "fechaIngreso": {
            "type": "string", 
            "format": "date"
        }, 
        "apellido": {
            "type": "string"
        }, 
        "tipo": {
            "type": "string"
        }, 
        "_key": {
            "type": "string"
        }, 
        "_rev": {
            "type": "string"
        }, 
        "dni": {
            "type": "number"
        }, 
        "placa": {
            "type": "number"
        }, 
        "rango": {
            "type": "string"
        }, 
        "nombre": {
            "type": "string"
        }, 
        "_id": {
            "type": "string"
        }, 
        "asignaciones": {
            "items": {
                "type": "object", 
                "properties": {
                    "placa": {
                        "type": "number"
                    }, 
                    "idAsignacion": {
                        "type": "number"
                    }, 
                    "designacion": {
                        "type": "object", 
                        "properties": {
                            "idDesignacion": {
                                "type": "number"
                            }, 
                            "nombre": {
                                "type": "string"
                            }
                        }
                    }, 
                    "fechaInicio": {
                        "type": "string", 
                        "format": "date"
                    }, 
                    "sumarios": {
                        "items": {
                            "type": "object", 
                            "properties": {
                                "resultado": null, 
                                "placa": {
                                    "type": "number"
                                }, 
                                "observacion": {
                                    "type": "string"
                                }, 
                                "idSumario": {
                                    "type": "number"
                                }, 
                                "_id": {
                                    "type": "string"
                                }, 
                                "fecha": {
                                    "type": "string", 
                                    "format": "date"
                                }, 
                                "estadoSumario": {
                                    "type": "object", 
                                    "properties": {
                                        "idEstadoSumario": {
                                            "type": "number"
                                        }, 
                                        "estado": {
                                            "type": "string"
                                        }
                                    }
                                }
                            }
                        }, 
                        "type": "array"
                    }
                }
            }, 
            "type": "array"
        }, 
        "idDepartamento": {
            "type": "number"
        }
    }
}
