[
  {"_id":"Asignacion/848455","_key":"848455","_rev":"_X0WwOgG--_","designacion":{"idDesignacion":1,"nombre":"Transito"},"fechaInicio":"2010-02-05","idAsignacion":3,"placa":2,"sumarios":[{"estadoSumario":{"estado":"Concluyo","idEstadoSumario":3},"fecha":"2011-01-02","idAsignacion":3,"idSumario":3,"observacion":"Coimeado","placa":3,"resultado":"Terrible delincuente"},{"estadoSumario":{"estado":"En Proceso","idEstadoSumario":2},"fecha":"2012-01-02","idAsignacion":3,"idSumario":4,"observacion":"Narco","placa":7,"resultado":null}]},
  {"_id":"Asignacion/848482","_key":"848482","_rev":"_X0WwOgG--B","designacion":{"idDesignacion":6,"nombre":"Narcotrafico"},"fechaInicio":"2018-02-04","idAsignacion":12,"placa":6,"sumarios":[]},
  {"_id":"Asignacion/848494","_key":"848494","_rev":"_X0WwOgG--D","designacion":{"idDesignacion":5,"nombre":"SWAT"},"fechaInicio":"2012-05-04","idAsignacion":16,"placa":8,"sumarios":[]},
  {"_id":"Asignacion/848485","_key":"848485","_rev":"_X0WwOgG--F","designacion":{"idDesignacion":4,"nombre":"Patrullaje"},"fechaInicio":"2011-02-04","idAsignacion":13,"placa":7,"sumarios":[]},
  {"_id":"Asignacion/848448","_key":"848448","_rev":"_X0WwOgG--H","designacion":{"idDesignacion":1,"nombre":"Transito"},"fechaInicio":"2008-03-04","idAsignacion":1,"placa":1,"sumarios":[]},
  {"_id":"Asignacion/848467","_key":"848467","_rev":"_X0WwOgG--J","designacion":{"idDesignacion":4,"nombre":"Patrullaje"},"fechaInicio":"2012-11-10","idAsignacion":7,"placa":4,"sumarios":[{"estadoSumario":{"estado":"En Proceso","idEstadoSumario":2},"fecha":"2013-05-04","idAsignacion":7,"idSumario":1,"observacion":null,"placa":3,"resultado":null}]},
  {"_id":"Asignacion/848479","_key":"848479","_rev":"_X0WwOgG--L","designacion":{"idDesignacion":6,"nombre":"Narcotrafico"},"fechaInicio":"2010-02-04","idAsignacion":11,"placa":6,"sumarios":[{"estadoSumario":{"estado":"Iniciado","idEstadoSumario":1},"fecha":"2011-09-22","idAsignacion":11,"idSumario":2,"observacion":"Se afano todo el pibe","placa":7,"resultado":null}]},
  {"_id":"Asignacion/848506","_key":"848506","_rev":"_X0WwOgG--N","designacion":{"idDesignacion":8,"nombre":"Delitos financieros"},"fechaInicio":"2016-02-01","idAsignacion":20,"placa":10,"sumarios":[]},
  {"_id":"Asignacion/848473","_key":"848473","_rev":"_X0WwOgG--P","designacion":{"idDesignacion":7,"nombre":"Policia Cientifica"},"fechaInicio":"2011-02-04","idAsignacion":9,"placa":5,"sumarios":[]},
  {"_id":"Asignacion/848509","_key":"848509","_rev":"_X0WwOgG--R","designacion":{"idDesignacion":7,"nombre":"Policia Cientifica"},"fechaInicio":"2013-02-01","idAsignacion":21,"placa":10,"sumarios":[]},
  {"_id":"Asignacion/848503","_key":"848503","_rev":"_X0WwOgG--T","designacion":{"idDesignacion":10,"nombre":"Antiterrorista"},"fechaInicio":"2010-02-01","idAsignacion":19,"placa":10,"sumarios":[]},
  {"_id":"Asignacion/848491","_key":"848491","_rev":"_X0WwOgG--V","designacion":{"idDesignacion":8,"nombre":"Delitos financieros"},"fechaInicio":"2011-05-04","idAsignacion":15,"placa":8,"sumarios":[]},
  {"_id":"Asignacion/848458","_key":"848458","_rev":"_X0WwOgG--X","designacion":{"idDesignacion":7,"nombre":"Policia Cientifica"},"fechaInicio":"2014-02-05","idAsignacion":4,"placa":2,"sumarios":[]},
  {"_id":"Asignacion/848452","_key":"848452","_rev":"_X0WwOgG--Z","designacion":{"idDesignacion":4,"nombre":"Patrullaje"},"fechaInicio":"2010-03-04","idAsignacion":2,"placa":1,"sumarios":[]},
  {"_id":"Asignacion/848470","_key":"848470","_rev":"_X0WwOgG--b","designacion":{"idDesignacion":5,"nombre":"SWAT"},"fechaInicio":"2016-11-10","idAsignacion":8,"placa":4,"sumarios":[]},
  {"_id":"Asignacion/848497","_key":"848497","_rev":"_X0WwOgG--d","designacion":{"idDesignacion":9,"nombre":"Cybercrimen"},"fechaInicio":"2010-05-04","idAsignacion":17,"placa":9,"sumarios":[]},
  {"_id":"Asignacion/848461","_key":"848461","_rev":"_X0WwOgG--f","designacion":{"idDesignacion":2,"nombre":"Vigilancia Bancaria"},"fechaInicio":"2010-02-05","idAsignacion":5,"placa":3,"sumarios":[]},
  {"_id":"Asignacion/848464","_key":"848464","_rev":"_X0WwOgG--h","designacion":{"idDesignacion":8,"nombre":"Delitos financieros"},"fechaInicio":"2015-05-05","idAsignacion":6,"placa":3,"sumarios":[]},
  {"_id":"Asignacion/848476","_key":"848476","_rev":"_X0WwOgG--j","designacion":{"idDesignacion":10,"nombre":"Antiterrorista"},"fechaInicio":"2013-02-04","idAsignacion":10,"placa":5,"sumarios":[]},
  {"_id":"Asignacion/848488","_key":"848488","_rev":"_X0WwOgG--l","designacion":{"idDesignacion":7,"nombre":"Policia Cientifica"},"fechaInicio":"2017-02-04","idAsignacion":14,"placa":7,"sumarios":[]},
  {"_id":"Asignacion/848500","_key":"848500","_rev":"_X0WwOgG--n","designacion":{"idDesignacion":3,"nombre":"Espionaje"},"fechaInicio":"2010-05-04","idAsignacion":18,"placa":9,"sumarios":[]}
]