[
  {"_id":"Civil/848796","_key":"848796","_rev":"_X0WwpY---_","apellido":"Hutcherson","archienemigos_ids":[],"contactos_ids":[],"direcciones_ids":[11],"dni":204,"mafias_ids":[],"nombre":"Bobby"},
  {"_id":"Civil/848811","_key":"848811","_rev":"_X0WwpY---B","apellido":"Waldron","archienemigos_ids":[],"contactos_ids":[],"direcciones_ids":[4],"dni":210,"mafias_ids":[],"nombre":"Mal"},
  {"_id":"Civil/848787","_key":"848787","_rev":"_X0WwpY---D","apellido":"Hill","archienemigos_ids":[],"contactos_ids":[],"direcciones_ids":[14],"dni":201,"mafias_ids":[],"nombre":"Andrew"},
  {"_id":"Civil/848754","_key":"848754","_rev":"_X0WwpY---F","apellido":"Joker","archienemigos_ids":[2,1],"contactos_ids":[],"direcciones_ids":[17,21,22],"dni":100,"mafias_ids":[1,2],"nombre":"Joker"},
  {"_id":"Civil/848778","_key":"848778","_rev":"_X0WwpY---H","apellido":"Grondona","archienemigos_ids":[3],"contactos_ids":[],"direcciones_ids":[7],"dni":109,"mafias_ids":[5,6],"nombre":"Julio"},
  {"_id":"Civil/848781","_key":"848781","_rev":"_X0WwpY---J","apellido":"Blatter","archienemigos_ids":[3],"contactos_ids":[],"direcciones_ids":[12],"dni":110,"mafias_ids":[6],"nombre":"Joseph"},
  {"_id":"Civil/848742","_key":"848742","_rev":"_X0WwpY---L","apellido":"Maradona","archienemigos_ids":[],"contactos_ids":[],"direcciones_ids":[3,7],"dni":3,"mafias_ids":[],"nombre":"Diego"},
  {"_id":"Civil/848793","_key":"848793","_rev":"_X0WwpY---N","apellido":"Moncur","archienemigos_ids":[],"contactos_ids":[],"direcciones_ids":[19,22],"dni":203,"mafias_ids":[],"nombre":"Grahan"},
  {"_id":"Civil/848763","_key":"848763","_rev":"_X0WwpY---P","apellido":"Kyle","archienemigos_ids":[],"contactos_ids":[],"direcciones_ids":[1,20],"dni":103,"mafias_ids":[1],"nombre":"Selina"},
  {"_id":"Civil/848745","_key":"848745","_rev":"_X0WwpYC--_","apellido":"Curry","archienemigos_ids":[],"contactos_ids":[],"direcciones_ids":[8,13],"dni":6,"mafias_ids":[],"nombre":"Arthur"},
  {"_id":"Civil/848784","_key":"848784","_rev":"_X0WwpYC--B","apellido":"Dolphy","archienemigos_ids":[],"contactos_ids":[],"direcciones_ids":[2,14],"dni":200,"mafias_ids":[],"nombre":"Eric"},
  {"_id":"Civil/848805","_key":"848805","_rev":"_X0WwpYC--D","apellido":"Bley","archienemigos_ids":[],"contactos_ids":[],"direcciones_ids":[8],"dni":207,"mafias_ids":[],"nombre":"Carla"},
  {"_id":"Civil/848733","_key":"848733","_rev":"_X0WwpYC--F","apellido":"Kent","archienemigos_ids":[],"contactos_ids":[],"direcciones_ids":[1,12],"dni":5,"mafias_ids":[],"nombre":"Clark"},
  {"_id":"Civil/848739","_key":"848739","_rev":"_X0WwpYC--H","apellido":"Wayne","archienemigos_ids":[],"contactos_ids":[2],"direcciones_ids":[1,5,8],"dni":1,"mafias_ids":[],"nombre":"Bruce"},
  {"_id":"Civil/848802","_key":"848802","_rev":"_X0WwpYC--J","apellido":"Taylor","archienemigos_ids":[],"contactos_ids":[],"direcciones_ids":[3,20],"dni":206,"mafias_ids":[],"nombre":"Cecil"},
  {"_id":"Civil/848799","_key":"848799","_rev":"_X0WwpYC--L","apellido":"McLean","archienemigos_ids":[],"contactos_ids":[],"direcciones_ids":[6,20],"dni":205,"mafias_ids":[],"nombre":"Jack"},
  {"_id":"Civil/848757","_key":"848757","_rev":"_X0WwpYC--N","apellido":"Luthor","archienemigos_ids":[2,5,1],"contactos_ids":[],"direcciones_ids":[16,17],"dni":101,"mafias_ids":[1],"nombre":"Alexander"},
  {"_id":"Civil/848729","_key":"848729","_rev":"_X0WwpYC--P","apellido":"Grayson","archienemigos_ids":[],"contactos_ids":[1],"direcciones_ids":[4,8],"dni":2,"mafias_ids":[],"nombre":"Dick"},
  {"_id":"Civil/848790","_key":"848790","_rev":"_X0WwpYC--R","apellido":"Kenton","archienemigos_ids":[],"contactos_ids":[],"direcciones_ids":[9,13],"dni":202,"mafias_ids":[],"nombre":"Stan"},
  {"_id":"Civil/848751","_key":"848751","_rev":"_X0WwpYC--T","apellido":"de la Vega","archienemigos_ids":[],"contactos_ids":[],"direcciones_ids":[12,20],"dni":8,"mafias_ids":[],"nombre":"Dieg"},
  {"_id":"Civil/848736","_key":"848736","_rev":"_X0WwpYC--V","apellido":"Parker","archienemigos_ids":[],"contactos_ids":[],"direcciones_ids":[2,9,11],"dni":4,"mafias_ids":[],"nombre":"Peter"},
  {"_id":"Civil/848814","_key":"848814","_rev":"_X0WwpYC--X","apellido":"Berne","archienemigos_ids":[],"contactos_ids":[],"direcciones_ids":[10,16],"dni":209,"mafias_ids":[],"nombre":"Tim"},
  {"_id":"Civil/848748","_key":"848748","_rev":"_X0WwpYC--Z","apellido":"Skywalker","archienemigos_ids":[],"contactos_ids":[50],"direcciones_ids":[3,11],"dni":7,"mafias_ids":[],"nombre":"Luke"},
  {"_id":"Civil/848775","_key":"848775","_rev":"_X0WwpYC--b","apellido":"Page","archienemigos_ids":[53],"contactos_ids":[],"direcciones_ids":[19],"dni":108,"mafias_ids":[7],"nombre":"Bob"},
  {"_id":"Civil/848772","_key":"848772","_rev":"_X0WwpYC--d","apellido":"Palpatine","archienemigos_ids":[50,7],"contactos_ids":[],"direcciones_ids":[4,9],"dni":107,"mafias_ids":[3,4],"nombre":"Sheev"},
  {"_id":"Civil/848808","_key":"848808","_rev":"_X0WwpYC--f","apellido":"Carter","archienemigos_ids":[],"contactos_ids":[],"direcciones_ids":[8],"dni":208,"mafias_ids":[],"nombre":"Ron"},
  {"_id":"Civil/848769","_key":"848769","_rev":"_X0WwpYC--h","apellido":"Skywalker","archienemigos_ids":[50,7],"contactos_ids":[],"direcciones_ids":[12,20],"dni":106,"mafias_ids":[3,4],"nombre":"Anakin"},
  {"_id":"Civil/848766","_key":"848766","_rev":"_X0WwpYC--j","apellido":"Cobblepot","archienemigos_ids":[1],"contactos_ids":[],"direcciones_ids":[6,8],"dni":104,"mafias_ids":[1,2],"nombre":"Oswald"},
  {"_id":"Civil/848760","_key":"848760","_rev":"_X0WwpYC--l","apellido":"Dorrance","archienemigos_ids":[1],"contactos_ids":[],"direcciones_ids":[14,20,23],"dni":102,"mafias_ids":[2],"nombre":"Antonio"}
]