[
  {"_id":"Direccion/848584","_key":"848584","_rev":"_X0WwYZa--_","altura":701,"barrio":{"idBarrio":5,"nombre":"San Isidro"},"calle":"Hipolito Yrigoyen","civiles_ids":[3,109],"idDireccion":7,"incidentes_ids":[1]},
  {"_id":"Direccion/848617","_key":"848617","_rev":"_X0WwYZa--B","altura":5545,"barrio":{"idBarrio":1,"nombre":"Belgrano"},"calle":"Cabildo","civiles_ids":[],"idDireccion":18,"incidentes_ids":[]},
  {"_id":"Direccion/848614","_key":"848614","_rev":"_X0WwYZa--D","altura":5540,"barrio":{"idBarrio":1,"nombre":"Belgrano"},"calle":"Cabildo","civiles_ids":[100,101],"idDireccion":17,"incidentes_ids":[2]},
  {"_id":"Direccion/848599","_key":"848599","_rev":"_X0WwYZa--F","altura":1017,"barrio":{"idBarrio":4,"nombre":"Avellaneda"},"calle":"Juan Domingo Peron","civiles_ids":[5,8,106,110],"idDireccion":12,"incidentes_ids":[]},
  {"_id":"Direccion/848596","_key":"848596","_rev":"_X0WwYZa--H","altura":1710,"barrio":{"idBarrio":4,"nombre":"Avellaneda"},"calle":"Juan Domingo Peron","civiles_ids":[4,7,204],"idDireccion":11,"incidentes_ids":[]},
  {"_id":"Direccion/848629","_key":"848629","_rev":"_X0WwYZa--J","altura":2356,"barrio":{"idBarrio":3,"nombre":"Barracas"},"calle":"Iriarte","civiles_ids":[100,203],"idDireccion":22,"incidentes_ids":[]},
  {"_id":"Direccion/848581","_key":"848581","_rev":"_X0WwYZa--L","altura":1122,"barrio":{"idBarrio":4,"nombre":"Avellaneda"},"calle":"Belgrano","civiles_ids":[104,205],"idDireccion":6,"incidentes_ids":[]},
  {"_id":"Direccion/848565","_key":"848565","_rev":"_X0WwYZa--N","altura":251,"barrio":{"idBarrio":6,"nombre":"Recoleta"},"calle":"9 de Julio","civiles_ids":[5,1,103],"idDireccion":1,"incidentes_ids":[]},
  {"_id":"Direccion/848575","_key":"848575","_rev":"_X0WwYZa--P","altura":1250,"barrio":{"idBarrio":4,"nombre":"Avellaneda"},"calle":"San Martin","civiles_ids":[2,107,210],"idDireccion":4,"incidentes_ids":[]},
  {"_id":"Direccion/848611","_key":"848611","_rev":"_X0WwYZa--R","altura":323,"barrio":{"idBarrio":9,"nombre":"Adrogue"},"calle":"Guillermo Brown","civiles_ids":[101,209],"idDireccion":16,"incidentes_ids":[]},
  {"_id":"Direccion/848605","_key":"848605","_rev":"_X0WwYZa--T","altura":1945,"barrio":{"idBarrio":8,"nombre":"Moron"},"calle":"JUlio Roca","civiles_ids":[102,200,201],"idDireccion":14,"incidentes_ids":[]},
  {"_id":"Direccion/848590","_key":"848590","_rev":"_X0WwYZa--V","altura":202,"barrio":{"idBarrio":5,"nombre":"San Isidro"},"calle":"Marcelo Alvear","civiles_ids":[4,107,202],"idDireccion":9,"incidentes_ids":[]},
  {"_id":"Direccion/848602","_key":"848602","_rev":"_X0WwYZa--X","altura":1945,"barrio":{"idBarrio":7,"nombre":"sAN TELMO"},"calle":"Juan Domingo Peron","civiles_ids":[6,202],"idDireccion":13,"incidentes_ids":[]},
  {"_id":"Direccion/848623","_key":"848623","_rev":"_X0WwYZa--Z","altura":7213,"barrio":{"idBarrio":1,"nombre":"Belgrano"},"calle":"Cabildo","civiles_ids":[8,102,103,106,205,206],"idDireccion":20,"incidentes_ids":[]},
  {"_id":"Direccion/848608","_key":"848608","_rev":"_X0WwYZa--b","altura":256,"barrio":{"idBarrio":9,"nombre":"Adrogue"},"calle":"Guillermo Brown","civiles_ids":[],"idDireccion":15,"incidentes_ids":[]},
  {"_id":"Direccion/848578","_key":"848578","_rev":"_X0WwYZa--d","altura":103,"barrio":{"idBarrio":4,"nombre":"Avellaneda"},"calle":"Belgrano","civiles_ids":[1],"idDireccion":5,"incidentes_ids":[]},
  {"_id":"Direccion/848569","_key":"848569","_rev":"_X0WwYZa--f","altura":1250,"barrio":{"idBarrio":2,"nombre":"Caballito"},"calle":"San Martin","civiles_ids":[4,200],"idDireccion":2,"incidentes_ids":[]},
  {"_id":"Direccion/848572","_key":"848572","_rev":"_X0WwYZa--h","altura":1270,"barrio":{"idBarrio":2,"nombre":"Caballito"},"calle":"San Martin","civiles_ids":[3,7,206],"idDireccion":3,"incidentes_ids":[]},
  {"_id":"Direccion/848626","_key":"848626","_rev":"_X0WwYZa--j","altura":2456,"barrio":{"idBarrio":3,"nombre":"Barracas"},"calle":"Iriarte","civiles_ids":[100],"idDireccion":21,"incidentes_ids":[]},
  {"_id":"Direccion/848593","_key":"848593","_rev":"_X0WwYZa--l","altura":380,"barrio":{"idBarrio":6,"nombre":"Recoleta"},"calle":"Marcelo Alvear","civiles_ids":[209],"idDireccion":10,"incidentes_ids":[]},
  {"_id":"Direccion/848587","_key":"848587","_rev":"_X0WwYZa--n","altura":802,"barrio":{"idBarrio":5,"nombre":"San Isidro"},"calle":"Marcelo Alvear","civiles_ids":[2,1,6,104,207,208],"idDireccion":8,"incidentes_ids":[3]},
  {"_id":"Direccion/848620","_key":"848620","_rev":"_X0WwYa6--_","altura":6540,"barrio":{"idBarrio":1,"nombre":"Belgrano"},"calle":"Cabildo","civiles_ids":[108,203],"idDireccion":19,"incidentes_ids":[]},
  {"_id":"Direccion/848632","_key":"848632","_rev":"_X0WwYa6--B","altura":250,"barrio":{"idBarrio":3,"nombre":"Barracas"},"calle":"Iriarte","civiles_ids":[102],"idDireccion":23,"incidentes_ids":[]}
]