[
  {"_id":"Habilidad/848916","_key":"848916","_rev":"_X0Ww7VG--_","idHabilidad":3,"nombre":"Gambetear","superheroes_ids":[3]},
  {"_id":"Habilidad/848940","_key":"848940","_rev":"_X0Ww7VG--B","idHabilidad":11,"nombre":"kamehameha","superheroes_ids":[51]},
  {"_id":"Habilidad/848919","_key":"848919","_rev":"_X0Ww7VG--D","idHabilidad":4,"nombre":"Trepar","superheroes_ids":[4]},
  {"_id":"Habilidad/848928","_key":"848928","_rev":"_X0Ww7VG--F","idHabilidad":7,"nombre":"Volar","superheroes_ids":[5]},
  {"_id":"Habilidad/848922","_key":"848922","_rev":"_X0Ww7VK--_","idHabilidad":5,"nombre":"Artes Marciales","superheroes_ids":[2,4,1,51,52]},
  {"_id":"Habilidad/848955","_key":"848955","_rev":"_X0Ww7VK--B","idHabilidad":16,"nombre":"Armas de fuego","superheroes_ids":[53]},
  {"_id":"Habilidad/848925","_key":"848925","_rev":"_X0Ww7VK--D","idHabilidad":6,"nombre":"Artes Marcianas","superheroes_ids":[]},
  {"_id":"Habilidad/848952","_key":"848952","_rev":"_X0Ww7VK--F","idHabilidad":15,"nombre":"Hacking","superheroes_ids":[53]},
  {"_id":"Habilidad/848934","_key":"848934","_rev":"_X0Ww7VK--H","idHabilidad":9,"nombre":"Espada","superheroes_ids":[54,55]},
  {"_id":"Habilidad/848913","_key":"848913","_rev":"_X0Ww7VK--J","idHabilidad":2,"nombre":"La fuerza","superheroes_ids":[50,7]},
  {"_id":"Habilidad/848931","_key":"848931","_rev":"_X0Ww7VK--L","idHabilidad":8,"nombre":"Nadar","superheroes_ids":[5,6]},
  {"_id":"Habilidad/848949","_key":"848949","_rev":"_X0Ww7VK--N","idHabilidad":14,"nombre":"Magia","superheroes_ids":[54,55]},
  {"_id":"Habilidad/848909","_key":"848909","_rev":"_X0Ww7VK--P","idHabilidad":1,"nombre":"Sable Laser","superheroes_ids":[50,7]},
  {"_id":"Habilidad/848937","_key":"848937","_rev":"_X0Ww7VK--R","idHabilidad":10,"nombre":"Genki-dama","superheroes_ids":[51]},
  {"_id":"Habilidad/848943","_key":"848943","_rev":"_X0Ww7VK--T","idHabilidad":12,"nombre":"Respawnear al tercer dia","superheroes_ids":[56]},
  {"_id":"Habilidad/848946","_key":"848946","_rev":"_X0Ww7VK--V","idHabilidad":13,"nombre":"Correr","superheroes_ids":[]}
]