[
  {"_id":"IncidentesPorCivil/852000","_key":"852000","_rev":"_X0dVOMC---","dni":107,"idRolCivil":2,"incidentes":[{"calle_1":"Alcorta","calle_2":"Colon","direccion":{"altura":802,"barrio":{"idBarrio":5,"nombre":"San Isidro"},"calle":"Marcelo Alvear","idDireccion":8},"fecha":"2018-10-09","idIncidente":3,"tipoIncidente":{"idTipoInicidente":3,"nombre":"Hurto"}}]},
  {"_id":"IncidentesPorCivil/852150","_key":"852150","_rev":"_X0dVOMC--A","dni":203,"idRolCivil":1,"incidentes":[{"calle_1":"Pavon","calle_2":"Mitre","direccion":{"altura":5540,"barrio":{"idBarrio":1,"nombre":"Belgrano"},"calle":"Cabildo","idDireccion":17},"fecha":"2018-10-04","idIncidente":2,"tipoIncidente":{"idTipoInicidente":4,"nombre":"Homicidio"}}]},
  {"_id":"IncidentesPorCivil/851104","_key":"851104","_rev":"_X0dVOMC--C","dni":102,"idRolCivil":2,"incidentes":[{"calle_1":"Gorriti","calle_2":"Portugal","direccion":{"altura":701,"barrio":{"idBarrio":5,"nombre":"San Isidro"},"calle":"Hipolito Yrigoyen","idDireccion":7},"fecha":"2018-10-01","idIncidente":1,"tipoIncidente":{"idTipoInicidente":2,"nombre":"Robo"}}]},
  {"_id":"IncidentesPorCivil/850033","_key":"850033","_rev":"_X0dVOMC--E","dni":210,"idRolCivil":3,"incidentes":[{"calle_1":"Alcorta","calle_2":"Colon","direccion":{"altura":802,"barrio":{"idBarrio":5,"nombre":"San Isidro"},"calle":"Marcelo Alvear","idDireccion":8},"fecha":"2018-10-09","idIncidente":3,"tipoIncidente":{"idTipoInicidente":3,"nombre":"Hurto"}}]},
  {"_id":"IncidentesPorCivil/852040","_key":"852040","_rev":"_X0dVOMC--G","dni":100,"idRolCivil":2,"incidentes":[{"calle_1":"Pavon","calle_2":"Mitre","direccion":{"altura":5540,"barrio":{"idBarrio":1,"nombre":"Belgrano"},"calle":"Cabildo","idDireccion":17},"fecha":"2018-10-04","idIncidente":2,"tipoIncidente":{"idTipoInicidente":4,"nombre":"Homicidio"}}]},
  {"_id":"IncidentesPorCivil/851209","_key":"851209","_rev":"_X0dVOMC--I","dni":202,"idRolCivil":1,"incidentes":[{"calle_1":"Gorriti","calle_2":"Portugal","direccion":{"altura":701,"barrio":{"idBarrio":5,"nombre":"San Isidro"},"calle":"Hipolito Yrigoyen","idDireccion":7},"fecha":"2018-10-01","idIncidente":1,"tipoIncidente":{"idTipoInicidente":2,"nombre":"Robo"}}]},
  {"_id":"IncidentesPorCivil/851864","_key":"851864","_rev":"_X0dVOMC--K","dni":207,"idRolCivil":1,"incidentes":[{"calle_1":"Alcorta","calle_2":"Colon","direccion":{"altura":802,"barrio":{"idBarrio":5,"nombre":"San Isidro"},"calle":"Marcelo Alvear","idDireccion":8},"fecha":"2018-10-09","idIncidente":3,"tipoIncidente":{"idTipoInicidente":3,"nombre":"Hurto"}}]}
]