[
  {"_id":"OficialSeInvolucro/848974","_key":"848974","_rev":"_X0WxBeq--_","idIncidente":1,"idResponsabilidad":1,"placa":8},
  {"_id":"OficialSeInvolucro/848984","_key":"848984","_rev":"_X0WxBeq--B","idIncidente":3,"idResponsabilidad":2,"placa":8},
  {"_id":"OficialSeInvolucro/848978","_key":"848978","_rev":"_X0WxBeq--D","idIncidente":1,"idResponsabilidad":2,"placa":1},
  {"_id":"OficialSeInvolucro/848981","_key":"848981","_rev":"_X0WxBeq--F","idIncidente":2,"idResponsabilidad":3,"placa":2},
  {"_id":"OficialSeInvolucro/848987","_key":"848987","_rev":"_X0WxBeq--H","idIncidente":3,"idResponsabilidad":1,"placa":6}
]