[
  {"_id":"Superheroe/848696","_key":"848696","_rev":"_X0WwmVi--_","archienemigos_ids":[109,110],"color_capa":"celeste","color_disfraz":"","contactos_ids":[],"dni":3,"habilidades":[{"idHabilidad":3,"nombre":"Gambetear"}],"idSuperHeroe":3,"incidentes_ids":[3],"nombre":"Barrilete Cosmico"},
  {"_id":"Superheroe/848690","_key":"848690","_rev":"_X0WwmVi--B","archienemigos_ids":[],"color_capa":"Roja","color_disfraz":"","contactos_ids":[],"dni":4,"habilidades":[{"idHabilidad":4,"nombre":"Trepar"},{"idHabilidad":5,"nombre":"Artes Marciales"}],"idSuperHeroe":4,"incidentes_ids":[],"nombre":"Spiderman"},
  {"_id":"Superheroe/848687","_key":"848687","_rev":"_X0WwmVi--D","archienemigos_ids":[101],"color_capa":"Roja","color_disfraz":"","contactos_ids":[],"dni":5,"habilidades":[{"idHabilidad":7,"nombre":"Volar"},{"idHabilidad":8,"nombre":"Nadar"}],"idSuperHeroe":5,"incidentes_ids":[],"nombre":"Superman"},
  {"_id":"Superheroe/848723","_key":"848723","_rev":"_X0WwmVi--F","archienemigos_ids":[],"color_capa":"Blanca","color_disfraz":"","contactos_ids":[],"dni":null,"habilidades":[{"idHabilidad":12,"nombre":"Respawnear al tercer dia"}],"idSuperHeroe":56,"incidentes_ids":[],"nombre":"Jesus de Laferrere"},
  {"_id":"Superheroe/848693","_key":"848693","_rev":"_X0WwmVi--H","archienemigos_ids":[100,101,102,104],"color_capa":"Negra","color_disfraz":"","contactos_ids":[2],"dni":1,"habilidades":[{"idHabilidad":5,"nombre":"Artes Marciales"}],"idSuperHeroe":1,"incidentes_ids":[2],"nombre":"Batman"},
  {"_id":"Superheroe/848720","_key":"848720","_rev":"_X0WwmVi--J","archienemigos_ids":[],"color_capa":"Blanca","color_disfraz":"","contactos_ids":[],"dni":null,"habilidades":[{"idHabilidad":9,"nombre":"Espada"},{"idHabilidad":14,"nombre":"Magia"}],"idSuperHeroe":55,"incidentes_ids":[],"nombre":"Gandalf"},
  {"_id":"Superheroe/848711","_key":"848711","_rev":"_X0WwmVi--L","archienemigos_ids":[],"color_capa":"Azul","color_disfraz":"","contactos_ids":[],"dni":null,"habilidades":[{"idHabilidad":5,"nombre":"Artes Marciales"}],"idSuperHeroe":52,"incidentes_ids":[],"nombre":"Vegeta"},
  {"_id":"Superheroe/848683","_key":"848683","_rev":"_X0WwmVi--N","archienemigos_ids":[100,101],"color_capa":"Amarilla","color_disfraz":"","contactos_ids":[1],"dni":2,"habilidades":[{"idHabilidad":5,"nombre":"Artes Marciales"}],"idSuperHeroe":2,"incidentes_ids":[],"nombre":"Robin"},
  {"_id":"Superheroe/848714","_key":"848714","_rev":"_X0WwmVi--P","archienemigos_ids":[108],"color_capa":"Negra","color_disfraz":"","contactos_ids":[],"dni":null,"habilidades":[{"idHabilidad":15,"nombre":"Hacking"},{"idHabilidad":16,"nombre":"Armas de fuego"}],"idSuperHeroe":53,"incidentes_ids":[],"nombre":"JC Denton"},
  {"_id":"Superheroe/848699","_key":"848699","_rev":"_X0WwmVi--R","archienemigos_ids":[],"color_capa":"Azul","color_disfraz":"","contactos_ids":[],"dni":6,"habilidades":[{"idHabilidad":8,"nombre":"Nadar"}],"idSuperHeroe":6,"incidentes_ids":[3],"nombre":"Aquaman"},
  {"_id":"Superheroe/848717","_key":"848717","_rev":"_X0WwmVi--T","archienemigos_ids":[],"color_capa":"Negra","color_disfraz":"","contactos_ids":[],"dni":null,"habilidades":[{"idHabilidad":9,"nombre":"Espada"},{"idHabilidad":14,"nombre":"Magia"}],"idSuperHeroe":54,"incidentes_ids":[],"nombre":"Geralt"},
  {"_id":"Superheroe/848705","_key":"848705","_rev":"_X0WwmVi--V","archienemigos_ids":[106,107],"color_capa":"Verde","color_disfraz":"","contactos_ids":[],"dni":7,"habilidades":[{"idHabilidad":1,"nombre":"Sable Laser"},{"idHabilidad":2,"nombre":"La fuerza"}],"idSuperHeroe":7,"incidentes_ids":[1],"nombre":"Luke Skywalker"},
  {"_id":"Superheroe/848702","_key":"848702","_rev":"_X0WwmVi--X","archienemigos_ids":[106,107],"color_capa":"Marron","color_disfraz":"","contactos_ids":[7],"dni":null,"habilidades":[{"idHabilidad":1,"nombre":"Sable Laser"},{"idHabilidad":2,"nombre":"La fuerza"}],"idSuperHeroe":50,"incidentes_ids":[],"nombre":"Obi Wan Kenobi"},
  {"_id":"Superheroe/848708","_key":"848708","_rev":"_X0WwmVi--Z","archienemigos_ids":[],"color_capa":"Amarilla","color_disfraz":"","contactos_ids":[],"dni":null,"habilidades":[{"idHabilidad":5,"nombre":"Artes Marciales"},{"idHabilidad":10,"nombre":"Genki-dama"},{"idHabilidad":11,"nombre":"kamehameha"}],"idSuperHeroe":51,"incidentes_ids":[],"nombre":"Goku"}
]