[
  {"_id":"Incidente/848673","_key":"848673","_rev":"_X0Wwi4q--_","calle_1":"Pavon","calle_2":"Mitre","direccion":{"altura":5540,"barrio":{"idBarrio":1,"nombre":"Belgrano"},"calle":"Cabildo","idDireccion":17},"fecha":"2018-10-04","idIncidente":2,"seguimientos":[{"conclusion":"No se encontro nada","descripcion":"Buscando al asesino","estadoSegumiento":{"estado":"Cerrado","idEstadoSeguimiento":3},"fecha":"2018-10-12","idIncidente":2,"numero":4,"placa":null}],"superheroes":[{"idSuperHeroe":1,"nombre":"Batman"}],"tipoIncidente":{"idTipoInicidente":4,"nombre":"Homicidio"}},
  {"_id":"Incidente/848669","_key":"848669","_rev":"_X0Wwi4q--B","calle_1":"Gorriti","calle_2":"Portugal","direccion":{"altura":701,"barrio":{"idBarrio":5,"nombre":"San Isidro"},"calle":"Hipolito Yrigoyen","idDireccion":7},"fecha":"2018-10-01","idIncidente":1,"seguimientos":[{"conclusion":null,"descripcion":null,"estadoSegumiento":{"estado":"En Proceso","idEstadoSeguimiento":2},"fecha":"2018-10-08","idIncidente":1,"numero":1,"placa":2},{"conclusion":null,"descripcion":null,"estadoSegumiento":{"estado":"En Proceso","idEstadoSeguimiento":2},"fecha":"2018-10-09","idIncidente":1,"numero":2,"placa":9},{"conclusion":null,"descripcion":null,"estadoSegumiento":{"estado":"Pendiente","idEstadoSeguimiento":1},"fecha":"2018-10-11","idIncidente":1,"numero":3,"placa":null}],"superheroes":[{"idSuperHeroe":7,"nombre":"Luke Skywalker"}],"tipoIncidente":{"idTipoInicidente":2,"nombre":"Robo"}},
  {"_id":"Incidente/848676","_key":"848676","_rev":"_X0Wwi4q--D","calle_1":"Alcorta","calle_2":"Colon","direccion":{"altura":802,"barrio":{"idBarrio":5,"nombre":"San Isidro"},"calle":"Marcelo Alvear","idDireccion":8},"fecha":"2018-10-09","idIncidente":3,"seguimientos":[],"superheroes":[{"idSuperHeroe":3,"nombre":"Barrilete Cosmico"},{"idSuperHeroe":6,"nombre":"Aquaman"}],"tipoIncidente":{"idTipoInicidente":3,"nombre":"Hurto"}}
]