[
  {"_id":"Oficial/848408","_key":"848408","_rev":"_X0Zzt_u--_","apellido":"Villalba","asignaciones":[{"designacion":{"idDesignacion":4,"nombre":"Patrullaje"},"fechaInicio":"2011-02-04","idAsignacion":13,"placa":7,"sumarios":[]},{"designacion":{"idDesignacion":7,"nombre":"Policia Cientifica"},"fechaInicio":"2017-02-04","idAsignacion":14,"placa":7,"sumarios":[]}],"dni":35246243,"fechaIngreso":"2011-02-04","idDepartamento":4,"nombre":"Roque","placa":7,"rango":"Teniente","tipo":"Investigador"},
  {"_id":"Oficial/848383","_key":"848383","_rev":"_X0bQ78C---","apellido":"Megueres","asignaciones":[{"designacion":{"idDesignacion":1,"nombre":"Transito"},"fechaInicio":"2008-03-04","idAsignacion":1,"placa":1,"sumarios":[]},{"designacion":{"idDesignacion":4,"nombre":"Patrullaje"},"fechaInicio":"2010-03-04","idAsignacion":2,"placa":1,"sumarios":[]}],"dni":25346251,"fechaIngreso":"2008-03-04","idDepartamento":1,"nombre":"Pablo","placa":1,"rango":"Coronel","tipo":"NoInvestigador"},
  {"_id":"Oficial/848402","_key":"848402","_rev":"_X0bQ78C--A","apellido":"Petrassi","asignaciones":[{"designacion":{"idDesignacion":10,"nombre":"Antiterrorista"},"fechaInicio":"2010-02-01","idAsignacion":19,"placa":10,"sumarios":[]},{"designacion":{"idDesignacion":8,"nombre":"Delitos financieros"},"fechaInicio":"2016-02-01","idAsignacion":20,"placa":10,"sumarios":[]},{"designacion":{"idDesignacion":7,"nombre":"Policia Cientifica"},"fechaInicio":"2013-02-01","idAsignacion":21,"placa":10,"sumarios":[]}],"dni":32565470,"fechaIngreso":"2010-02-01","idDepartamento":2,"nombre":"Camilo","placa":10,"rango":"General","tipo":"NoInvestigador"},
  {"_id":"Oficial/848393","_key":"848393","_rev":"_X0bQ78C--C","apellido":"Peralta","asignaciones":[{"designacion":{"idDesignacion":6,"nombre":"Narcotrafico"},"fechaInicio":"2010-02-04","idAsignacion":11,"placa":6,"sumarios":[{"estadoSumario":{"estado":"Iniciado","idEstadoSumario":1},"fecha":"2011-09-22","idAsignacion":11,"idSumario":2,"observacion":"Se afano todo el pibe","placa":7,"resultado":null}]},{"designacion":{"idDesignacion":6,"nombre":"Narcotrafico"},"fechaInicio":"2018-02-04","idAsignacion":12,"placa":6,"sumarios":[]}],"dni":28624356,"fechaIngreso":"2010-02-04","idDepartamento":5,"nombre":"Cristina","placa":6,"rango":"General","tipo":"NoInvestigador"},
  {"_id":"Oficial/848387","_key":"848387","_rev":"_X0bQ78C--E","apellido":"Trungetili","asignaciones":[{"designacion":{"idDesignacion":4,"nombre":"Patrullaje"},"fechaInicio":"2012-11-10","idAsignacion":7,"placa":4,"sumarios":[{"estadoSumario":{"estado":"En Proceso","idEstadoSumario":2},"fecha":"2013-05-04","idAsignacion":7,"idSumario":1,"observacion":null,"placa":3,"resultado":null}]},{"designacion":{"idDesignacion":5,"nombre":"SWAT"},"fechaInicio":"2016-11-10","idAsignacion":8,"placa":4,"sumarios":[]}],"dni":14276572,"fechaIngreso":"2012-11-10","idDepartamento":1,"nombre":"Erica","placa":4,"rango":"Teniente","tipo":"NoInvestigador"},
  {"_id":"Oficial/848390","_key":"848390","_rev":"_X0bQ78C--G","apellido":"Rodriguez","asignaciones":[{"designacion":{"idDesignacion":7,"nombre":"Policia Cientifica"},"fechaInicio":"2011-02-04","idAsignacion":9,"placa":5,"sumarios":[]},{"designacion":{"idDesignacion":10,"nombre":"Antiterrorista"},"fechaInicio":"2013-02-04","idAsignacion":10,"placa":5,"sumarios":[]}],"dni":23468131,"fechaIngreso":"2011-02-04","idDepartamento":8,"nombre":"Fabian","placa":5,"rango":"Cabp","tipo":"NoInvestigador"},
  {"_id":"Oficial/848396","_key":"848396","_rev":"_X0bQ78C--I","apellido":"Pineri","asignaciones":[{"designacion":{"idDesignacion":8,"nombre":"Delitos financieros"},"fechaInicio":"2011-05-04","idAsignacion":15,"placa":8,"sumarios":[]},{"designacion":{"idDesignacion":5,"nombre":"SWAT"},"fechaInicio":"2012-05-04","idAsignacion":16,"placa":8,"sumarios":[]}],"dni":14534652,"fechaIngreso":"2011-05-04","idDepartamento":9,"nombre":"Mariana","placa":8,"rango":"Coronel","tipo":"NoInvestigador"},
  {"_id":"Oficial/848411","_key":"848411","_rev":"_X0Zzt_u--N","apellido":"Perez","asignaciones":[{"designacion":{"idDesignacion":1,"nombre":"Transito"},"fechaInicio":"2010-02-05","idAsignacion":3,"placa":2,"sumarios":[{"estadoSumario":{"estado":"Concluyo","idEstadoSumario":3},"fecha":"2011-01-02","idAsignacion":3,"idSumario":3,"observacion":"Coimeado","placa":3,"resultado":"Terrible delincuente"},{"estadoSumario":{"estado":"En Proceso","idEstadoSumario":2},"fecha":"2012-01-02","idAsignacion":3,"idSumario":4,"observacion":"Narco","placa":7,"resultado":null}]},{"designacion":{"idDesignacion":7,"nombre":"Policia Cientifica"},"fechaInicio":"2014-02-05","idAsignacion":4,"placa":2,"sumarios":[]}],"dni":15349524,"fechaIngreso":"2010-02-05","idDepartamento":1,"nombre":"Jorge","placa":2,"rango":"Teniente","tipo":"Investigador"},
  {"_id":"Oficial/848399","_key":"848399","_rev":"_X0bQ78C--K","apellido":"Williams","asignaciones":[{"designacion":{"idDesignacion":9,"nombre":"Cybercrimen"},"fechaInicio":"2010-05-04","idAsignacion":17,"placa":9,"sumarios":[]},{"designacion":{"idDesignacion":3,"nombre":"Espionaje"},"fechaInicio":"2010-05-04","idAsignacion":18,"placa":9,"sumarios":[]}],"dni":28246324,"fechaIngreso":"2010-05-04","idDepartamento":3,"nombre":"Nestor","placa":9,"rango":"Cabo","tipo":"NoInvestigador"},
  {"_id":"Oficial/848405","_key":"848405","_rev":"_X0Zzt_u--R","apellido":"Perez","asignaciones":[{"designacion":{"idDesignacion":2,"nombre":"Vigilancia Bancaria"},"fechaInicio":"2010-02-05","idAsignacion":5,"placa":3,"sumarios":[]},{"designacion":{"idDesignacion":8,"nombre":"Delitos financieros"},"fechaInicio":"2015-05-05","idAsignacion":6,"placa":3,"sumarios":[]}],"dni":15349526,"fechaIngreso":"2010-02-05","idDepartamento":1,"nombre":"Daniel","placa":3,"rango":"Teniente","tipo":"Investigador"}
]