[
  {"_id":"OrganizacionDelictiva/848824","_key":"848824","_rev":"_X0Wwsz2--_","civiles":[{"apellido":"Joker","dni":100,"nombre":"Joker"},{"apellido":"Dorrance","dni":102,"nombre":"Antonio"},{"apellido":"Cobblepot","dni":104,"nombre":"Oswald"}],"idMafia":2,"nombre":"Escuadron Suicida"},
  {"_id":"OrganizacionDelictiva/848839","_key":"848839","_rev":"_X0Wwsz2--B","civiles":[{"apellido":"Page","dni":108,"nombre":"Bob"}],"idMafia":7,"nombre":"Illuminati"},
  {"_id":"OrganizacionDelictiva/848836","_key":"848836","_rev":"_X0Wwsz2--D","civiles":[{"apellido":"Grondona","dni":109,"nombre":"Julio"},{"apellido":"Blatter","dni":110,"nombre":"Joseph"}],"idMafia":6,"nombre":"FIFA"},
  {"_id":"OrganizacionDelictiva/848827","_key":"848827","_rev":"_X0Wwsz2--F","civiles":[{"apellido":"Skywalker","dni":106,"nombre":"Anakin"},{"apellido":"Palpatine","dni":107,"nombre":"Sheev"}],"idMafia":3,"nombre":"Siths"},
  {"_id":"OrganizacionDelictiva/848820","_key":"848820","_rev":"_X0Wwsz2--H","civiles":[{"apellido":"Joker","dni":100,"nombre":"Joker"},{"apellido":"Luthor","dni":101,"nombre":"Alexander"},{"apellido":"Kyle","dni":103,"nombre":"Selina"},{"apellido":"Cobblepot","dni":104,"nombre":"Oswald"}],"idMafia":1,"nombre":"Liga de la Injusticia"},
  {"_id":"OrganizacionDelictiva/848830","_key":"848830","_rev":"_X0Wwsz2--J","civiles":[{"apellido":"Skywalker","dni":106,"nombre":"Anakin"},{"apellido":"Palpatine","dni":107,"nombre":"Sheev"}],"idMafia":4,"nombre":"Imperio Galactico"},
  {"_id":"OrganizacionDelictiva/848833","_key":"848833","_rev":"_X0Wwsz2--L","civiles":[{"apellido":"Grondona","dni":109,"nombre":"Julio"}],"idMafia":5,"nombre":"AFA"}
]