[
  {"_id":"Sumario/848559","_key":"848559","_rev":"_X0WwU5K---","estadoSumario":{"estado":"En Proceso","idEstadoSumario":2},"fecha":"2012-01-02","idAsignacion":3,"idSumario":4,"observacion":"Narco","placa":7,"resultado":null},
  {"_id":"Sumario/848549","_key":"848549","_rev":"_X0WwU5K--A","estadoSumario":{"estado":"En Proceso","idEstadoSumario":2},"fecha":"2013-05-04","idAsignacion":7,"idSumario":1,"observacion":null,"placa":3,"resultado":null},
  {"_id":"Sumario/848553","_key":"848553","_rev":"_X0WwU5K--C","estadoSumario":{"estado":"Iniciado","idEstadoSumario":1},"fecha":"2011-09-22","idAsignacion":11,"idSumario":2,"observacion":"Se afano todo el pibe","placa":7,"resultado":null},
  {"_id":"Sumario/848556","_key":"848556","_rev":"_X0WwU5K--E","estadoSumario":{"estado":"Concluyo","idEstadoSumario":3},"fecha":"2011-01-02","idAsignacion":3,"idSumario":3,"observacion":"Coimeado","placa":3,"resultado":"Terrible delincuente"}
]