[
  {"_id":"TipoIncidente/848845","_key":"848845","_rev":"_X0WwwJC--_","idTipoInicidente":1,"incidentes_ids":[],"nombre":"Accidente"},
  {"_id":"TipoIncidente/848855","_key":"848855","_rev":"_X0WwwJC--B","idTipoInicidente":4,"incidentes_ids":[2],"nombre":"Homicidio"},
  {"_id":"TipoIncidente/848852","_key":"848852","_rev":"_X0WwwJC--D","idTipoInicidente":3,"incidentes_ids":[3],"nombre":"Hurto"},
  {"_id":"TipoIncidente/848858","_key":"848858","_rev":"_X0WwwJC--F","idTipoInicidente":5,"incidentes_ids":[],"nombre":"Terrorismo"},
  {"_id":"TipoIncidente/848849","_key":"848849","_rev":"_X0WwwJC--H","idTipoInicidente":2,"incidentes_ids":[1],"nombre":"Robo"}
]